CountyI,State,County,longitude,latitude,station
1,ILLINOIS,ADAMS,-91.1353,40.0578,USW00093989
6,ILLINOIS,BUREAU,-89.4742,41.3599,USC00116998
8,ILLINOIS,CARROLL,-89.9627,42.0386,USC00115901
10,ILLINOIS,CHAMPAIGN,-88.2461,40.2139,USW00094870
13,ILLINOIS,CLAY,-88.5565,38.7279,USC00111700
15,ILLINOIS,COLES,-88.2461,39.556,USW00053802
17,ILLINOIS,CRAWFORD,-87.7763,39.05,USC00116558
19,ILLINOIS,DE KALB,-88.7109,41.833,USC00112223
27,ILLINOIS,FORD,-88.2072,40.4989,USC00116663
28,ILLINOIS,FRANKLIN,-88.9031,38.0157,USC00110608
34,ILLINOIS,HANCOCK,-91.1353,40.3849,USC00110598
36,ILLINOIS,HENDERSON,-90.9438,40.8336,USC00113455
38,ILLINOIS,IROQUOIS,-87.6976,40.774,USC00115646
39,ILLINOIS,JACKSON,-89.3227,37.7218,USW00093810
40,ILLINOIS,JASPER,-88.0901,39.0555,USC00116157
41,ILLINOIS,JEFFERSON,-88.8647,38.2267,USC00115943
43,ILLINOIS,JO DAVIESS,-90.2245,42.3149,USC00130608
45,ILLINOIS,KANE,-88.4016,41.9879,USC00110338
46,ILLINOIS,KANKAKEE,-87.7763,41.1791,USC00110803
51,ILLINOIS,LAWRENCE,-87.7763,38.7158,USW00013809
52,ILLINOIS,LEE,-89.3227,41.679,USC00112348
53,ILLINOIS,LIVINGSTON,-88.5565,40.8689,USC00111447
58,ILLINOIS,MARION,-88.8647,38.7313,USC00114400
59,ILLINOIS,MARSHALL,-89.3606,40.9973,USC00114805
61,ILLINOIS,MASSAC,-88.7494,37.2478,USC00110993
66,ILLINOIS,MERCER,-90.6773,41.1985,USC00110072
68,ILLINOIS,MONTGOMERY,-89.4742,39.2364,USC00114108
69,ILLINOIS,MORGAN,-90.2245,39.7341,USC00114442
72,ILLINOIS,PEORIA,-89.7755,40.7156,USW00014842
73,ILLINOIS,PERRY,-89.3227,38.0612,USC00112483
77,ILLINOIS,PULASKI,-89.1325,37.2512,USC00113580
79,ILLINOIS,RANDOLPH,-89.7755,38.0629,USC00117157
80,ILLINOIS,RICHLAND,-88.0901,38.7213,USC00116446
87,ILLINOIS,ST CLAIR,-89.9253,38.4008,USW00003960
91,ILLINOIS,UNION,-89.2847,37.5087,USC00110187
92,ILLINOIS,VERMILION,-87.6976,40.1225,USC00114198
94,ILLINOIS,WARREN,-90.6773,40.8759,USC00115768
95,ILLINOIS,WASHINGTON,-89.3227,38.3989,USC00116011
96,ILLINOIS,WAYNE,-88.4664,38.4157,USC00112931
97,ILLINOIS,WHITE,-88.2461,38.0501,USC00111302
98,ILLINOIS,WHITESIDE,-89.8505,41.7606,USC00131635
99,ILLINOIS,WILL,-88.0901,41.5055,USC00117457
101,ILLINOIS,WINNEBAGO,-89.1706,42.3121,USW00094822
102,ILLINOIS,WOODFORD,-89.1706,40.7129,USC00111836
104,INDIANA,ALLEN,-85.0233,41.0933,USW00014827
105,INDIANA,BARTHOLOMEW,-85.8896,39.2068,USC00121747
106,INDIANA,BENTON,-87.3414,40.6448,USC00120858
107,INDIANA,BLACKFORD,-85.3136,40.4993,USC00123777
108,INDIANA,BOONE,-86.4997,40.0106,USC00124910
111,INDIANA,CASS,-86.3377,40.8199,USC00125117
114,INDIANA,CLINTON,-86.4997,40.3377,USC00123082
118,INDIANA,DECATUR,-85.52,39.3176,USC00123547
119,INDIANA,DE KALB,-85.0233,41.4139,USC00123207
120,INDIANA,DELAWARE,-85.3963,40.2584,USC00126023
125,INDIANA,FOUNTAIN,-87.3348,40.2227,USC00120331
126,INDIANA,FRANKLIN,-85.0649,39.4234,USC00121030
128,INDIANA,GIBSON,-87.5791,38.3338,USC00127125
129,INDIANA,GRANT,-85.6846,40.4731,USC00123777
132,INDIANA,HANCOCK,-85.8486,39.825,USC00123527
136,INDIANA,HOWARD,-86.1345,40.4483,USC00124662
138,INDIANA,JACKSON,-86.053,38.8794,USC00127935
144,INDIANA,KNOX,-87.4208,38.6666,USC00129113
147,INDIANA,LAKE,-87.3016,41.4897,USC00121940
151,INDIANA,MARION,-86.1752,39.8362,USW00053842
157,INDIANA,MORGAN,-86.3377,39.5117,USC00125407
161,INDIANA,ORANGE,-86.4997,38.5169,USC00126705
162,INDIANA,OWEN,-86.822,39.3603,USC00128290
163,INDIANA,PARKE,-87.1423,39.6993,USC00127522
166,INDIANA,PORTER,-87.1024,41.5249,USW00004846
170,INDIANA,RANDOLPH,-85.0233,40.1205,USC00122825
172,INDIANA,RUSH,-85.52,39.6482,USC00127646
175,INDIANA,SHELBY,-85.8486,39.4953,USC00125923
178,INDIANA,STEUBEN,-84.9818,41.6115,USC00120200
181,INDIANA,TIPPECANOE,-86.822,40.347,USC00124715
182,INDIANA,TIPTON,-86.053,40.2826,USC00128784
184,INDIANA,VANDERBURGH,-87.5791,38.0806,USW00093817
185,INDIANA,VERMILLION,-87.4802,39.8512,USC00126830
191,INDIANA,WAYNE,-84.9818,39.8319,USC00127370
192,INDIANA,WELLS,-85.1894,40.7778,USC00120830
195,IOWA,ADAIR,-94.48,41.2742,USC00133438
200,IOWA,BENTON,-92.0665,42.1387,USC00130600
201,IOWA,BLACK HAWK,-92.3814,42.4478,USW00094910
202,IOWA,BOONE,-93.9878,42.0882,USC00130200
205,IOWA,BUENA VISTA,-95.1432,42.6705,USC00137726
206,IOWA,BUTLER,-92.8577,42.7502,USC00130157
207,IOWA,CALHOUN,-94.645,42.3786,USC00137161
208,IOWA,CARROLL,-94.8106,42.0567,USC00131233
209,IOWA,CASS,-94.9767,41.2538,USC00130364
211,IOWA,CERRO GORDO,-93.203,43.1543,USW00014940
212,IOWA,CHEROKEE,-95.6458,42.8028,USC00131442
213,IOWA,CHICKASAW,-92.3814,43.0725,USC00135952
215,IOWA,CLAY,-95.1432,43.1368,USW00014972
216,IOWA,CLAYTON,-91.2891,42.7785,USC00133517
217,IOWA,CLINTON,-90.5636,41.8786,USC00131635
218,IOWA,CRAWFORD,-95.3103,42.0347,USC00132171
219,IOWA,DALLAS,-93.9878,41.612,USC00136566
220,IOWA,DAVIS,-92.3814,40.6914,USC00130753
221,IOWA,DECATUR,-93.8248,40.8146,USW00094991
222,IOWA,DELAWARE,-91.4435,42.4634,USC00135086
223,IOWA,DES MOINES,-91.1737,40.9123,USC00131060
224,IOWA,DICKINSON,-95.1849,43.4049,USC00134561
226,IOWA,EMMET,-94.6864,43.3494,USW00094971
227,IOWA,FAYETTE,-91.9099,42.9258,USC00132864
229,IOWA,FRANKLIN,-93.3389,42.7372,USC00133584
231,IOWA,GREENE,-94.48,42.0701,USC00134228
232,IOWA,GRUNDY,-92.8577,42.437,USC00133487
233,IOWA,GUTHRIE,-94.48,41.7531,USC00133509
234,IOWA,HAMILTON,-93.6623,42.4141,USC00138806
235,IOWA,HANCOCK,-93.6623,43.0387,USC00132977
236,IOWA,HARDIN,-93.178,42.4285,USC00132573
237,IOWA,HARRISON,-95.8143,41.6934,USC00134894
238,IOWA,HENRY,-91.5984,41.0284,USC00135796
239,IOWA,HOWARD,-92.3814,43.3819,USC00131954
243,IOWA,JACKSON,-90.5258,42.1561,USC00130608
245,IOWA,JEFFERSON,-91.9099,41.0236,USC00132789
248,IOWA,KEOKUK,-92.2237,41.3397,USC00137678
251,IOWA,LINN,-91.6761,42.066,USW00014990
253,IOWA,LUCAS,-93.3389,40.9912,USC00131394
254,IOWA,LYON,-96.1527,43.3954,USC00137147
255,IOWA,MADISON,-93.9878,41.2922,USC00139132
256,IOWA,MAHASKA,-92.6984,41.3296,USC00136327
258,IOWA,MARSHALL,-92.9376,42.0407,USW00094988
260,IOWA,MITCHELL,-92.8577,43.3711,USC00136305
262,IOWA,MONROE,-92.8577,41.0041,USC00130112
263,IOWA,MONTGOMERY,-95.1849,41.0439,USC00136940
264,IOWA,MUSCATINE,-91.1353,41.5157,USC00135844
265,IOWA,O BRIEN,-95.6458,43.1131,USC00137386
267,IOWA,PAGE,-95.1432,40.7635,USC00131533
269,IOWA,PLYMOUTH,-96.1527,42.7767,USC00134735
270,IOWA,POCAHONTAS,-94.645,42.6918,USC00136719
271,IOWA,POLK,-93.5003,41.6278,USC00130241
273,IOWA,POWESHIEK,-92.5396,41.653,USC00133473
274,IOWA,RINGGOLD,-94.3154,40.7974,USC00130536
275,IOWA,SAC,-95.1432,42.3574,USC00137312
276,IOWA,SCOTT,-90.6394,41.6393,USW00094982
277,IOWA,SHELBY,-95.3103,41.7178,USC00133632
278,IOWA,SIOUX,-96.1527,43.087,USC00137152
279,IOWA,STORY,-93.5003,42.104,USC00130203
280,IOWA,TAMA,-92.4655,42.1936,USC00138296
282,IOWA,UNION,-94.2744,41.0007,USC00131962
284,IOWA,WAPELLO,-92.3814,41.0149,USW00014950
285,IOWA,WARREN,-93.5003,41.3081,USC00134063
286,IOWA,WASHINGTON,-91.7539,41.3478,USC00138688
288,IOWA,WEBSTER,-94.1514,42.3975,USC00132999
290,IOWA,WINNESHIEK,-91.9099,43.2363,USC00132110
292,IOWA,WORTH,-93.3389,43.3581,USC00136103
311,KANSAS,COWLEY,-96.9209,37.266,USC00141239
316,KANSAS,DOUGLAS,-95.2684,38.9108,USC00141612
321,KANSAS,FINNEY,-100.8903,38.0625,USC00144161
324,KANSAS,GEARY,-96.7922,38.9985,USC00145306
337,KANSAS,JEFFERSON,-95.3103,39.2828,USC00144613
340,KANSAS,KEARNY,-101.2524,38.0281,US1KSKE0017
346,KANSAS,LINCOLN,-98.2213,39.1136,USC00140532
350,KANSAS,MCPHERSON,-97.6982,38.3164,USC00143134
351,KANSAS,MARION,-97.179,38.3494,USC00141173
355,KANSAS,MITCHELL,-98.2213,39.4437,USC00143100
358,KANSAS,MORTON,-101.798,37.1333,USC00142432
363,KANSAS,OSAGE,-95.6458,38.6009,USC00145210
365,KANSAS,OTTAWA,-97.6982,39.1494,USC00145363
373,KANSAS,RICE,-98.2213,38.2809,USC00143037
378,KANSAS,SALINE,-97.6982,38.8175,USC00141057
380,KANSAS,SEDGWICK,-97.5247,37.6537,USW00003928
384,KANSAS,SHERMAN,-101.798,39.2982,USC00141029
386,KANSAS,STAFFORD,-98.7481,38.0749,USC00143847
390,KANSAS,THOMAS,-101.0712,39.3703,US1KSTH0018
399,MISSOURI,ADAIR,-92.5396,40.1994,USC00234544
404,MISSOURI,BARTON,-94.3154,37.4749,USC00234705
405,MISSOURI,BATES,-94.3154,38.3217,USC00230204
408,MISSOURI,BOONE,-92.3814,39.0469,USC00231801
410,MISSOURI,BUTLER,-90.3748,36.6951,USW00003975
411,MISSOURI,CALDWELL,-93.9878,39.6661,USC00233568
417,MISSOURI,CASS,-94.3154,38.6574,USC00236745
419,MISSOURI,CHARITON,-93.0176,39.5302,USC00237514
427,MISSOURI,DADE,-93.9878,37.4864,USC00235027
430,MISSOURI,DE KALB,-94.4388,39.8555,USC00230143
433,MISSOURI,DUNKLIN,-90.0554,36.2364,USC00235207
434,MISSOURI,FRANKLIN,-91.1353,38.3954,USC00237300
435,MISSOURI,GASCONADE,-91.4821,38.4336,USC00233793
439,MISSOURI,HARRISON,-93.9878,40.322,USC00230608
443,MISSOURI,HOWARD,-92.6984,39.2064,USC00236012
447,MISSOURI,JASPER,-94.3565,37.1746,USW00013987
449,MISSOURI,JOHNSON,-93.8248,38.6745,USC00232568
452,MISSOURI,LAFAYETTE,-93.9878,39.0031,USC00231580
454,MISSOURI,LEWIS,-91.7539,40.0501,USC00231275
455,MISSOURI,LINCOLN,-90.9821,39.067,USC00232591
456,MISSOURI,LINN,-93.178,39.8557,USC00230980
457,MISSOURI,LIVINGSTON,-93.5003,39.8464,USC00231580
458,MISSOURI,MACON,-92.5396,39.8713,USC00235050
461,MISSOURI,MARION,-91.6372,39.8464,USC00233601
464,MISSOURI,MILLER,-92.3814,38.2081,USC00232503
466,MISSOURI,MONITEAU,-92.5792,38.5827,USC00231189
470,MISSOURI,NEW MADRID,-89.7755,36.5228,USC00237772
472,MISSOURI,NODAWAY,-94.8106,40.2907,USC00231822
476,MISSOURI,PEMISCOT,-89.813,36.2195,USC00236804
478,MISSOURI,PETTIS,-93.3389,38.6893,USW00003994
480,MISSOURI,PIKE,-91.2891,39.3965,USC00235098
481,MISSOURI,PLATTE,-94.7692,39.3476,USW00003947
486,MISSOURI,RANDOLPH,-92.5,39.4183,USC00235671
493,MISSOURI,ST LOUIS,-90.4125,38.6103,USW00013994
495,MISSOURI,SALINE,-93.178,39.1944,USW00013991
498,MISSOURI,SCOTT,-89.6252,37.0394,USW00003935
506,MISSOURI,VERNON,-94.3154,37.8148,USC00235987
